{
  "start_equity": 1000000.0,
  "end_equity": 1399880.698332328,
  "total_return": 0.399880698332328,
  "annual_return": 1.501537787607218,
  "max_drawdown": -0.04916790355687273,
  "annual_volatility": 0.0753878250713085,
  "sharpe_like": 19.917510369703994,
  "daily_win_rate": 0.7083333333333334,
  "average_exposure": 0.6887544974201563
}